index|emotion|nrc|emotion_i_nrc|emotion_u_nrc|emotion_nrc_jaccard|emotion_nrc_dice|variaveis|liwc|emotion_i_liwc|emotion_u_liwc|emotion_liwc_jaccard|emotion_liwc_dice|nrc_i_liwc|nrc_u_liwc|nrc_liwc_jaccard|nrc_liwc_dice
0|anger|anger|419.0|2266.0|0.1849073256840247|0.3121042830540037|['emotion', 'emotion_nrc']|||||||||
1|anger|disgust|40.0|1585.0|0.025236593059936908|0.049230769230769224|['emotion', 'emotion_nrc']|||||||||
2|anger|fear|67.0|1957.0|0.0342360756259581|0.06620553359683795|['emotion', 'emotion_nrc']|||||||||
3|anger|joy|217.0|2554.0|0.08496476115896633|0.15662215806568025|['emotion', 'emotion_nrc']|||||||||
4|anger|none|0.0|1086.0|0.0|0.0|['emotion', 'emotion_nrc']|||||||||
5|anger|sadness|74.0|1738.0|0.04257767548906789|0.08167770419426049|['emotion', 'emotion_nrc']|||||||||
6|disgust|anger|263.0|2411.0|0.10908336789713811|0.19670905011219147|['emotion', 'emotion_nrc']|||||||||
7|disgust|disgust|146.0|1468.0|0.0994550408719346|0.1809169764560099|['emotion', 'emotion_nrc']|||||||||
8|disgust|fear|107.0|1906.0|0.05613850996852046|0.10630899155489318|['emotion', 'emotion_nrc']|||||||||
9|disgust|joy|184.0|2576.0|0.07142857142857142|0.13333333333333333|['emotion', 'emotion_nrc']|||||||||
10|disgust|none|0.0|1075.0|0.0|0.0|['emotion', 'emotion_nrc']|||||||||
11|disgust|sadness|51.0|1750.0|0.029142857142857144|0.05663520266518601|['emotion', 'emotion_nrc']|||||||||
12|fear|anger|218.0|2468.0|0.08833063209076175|0.16232315711094564|['emotion', 'emotion_nrc']|||||||||
13|fear|disgust|43.0|1583.0|0.027163613392293114|0.05289052890528906|['emotion', 'emotion_nrc']|||||||||
14|fear|fear|354.0|1671.0|0.2118491921005386|0.3496296296296296|['emotion', 'emotion_nrc']|||||||||
15|fear|joy|88.0|2684.0|0.03278688524590164|0.06349206349206349|['emotion', 'emotion_nrc']|||||||||
16|fear|none|0.0|1087.0|0.0|0.0|['emotion', 'emotion_nrc']|||||||||
17|fear|sadness|129.0|1684.0|0.07660332541567696|0.14230557087699944|['emotion', 'emotion_nrc']|||||||||
18|guilt|anger|304.0|2362.0|0.12870448772226925|0.2280570142535634|['emotion', 'emotion_nrc']|||||||||
19|guilt|disgust|49.0|1557.0|0.03147077713551702|0.06102117061021171|['emotion', 'emotion_nrc']|||||||||
20|guilt|fear|108.0|1897.0|0.05693199789140749|0.10773067331670823|['emotion', 'emotion_nrc']|||||||||
21|guilt|joy|217.0|2535.0|0.08560157790927021|0.157703488372093|['emotion', 'emotion_nrc']|||||||||
22|guilt|none|0.0|1067.0|0.0|0.0|['emotion', 'emotion_nrc']|||||||||
23|guilt|sadness|156.0|1637.0|0.09529627367135003|0.17401003904071388|['emotion', 'emotion_nrc']|||||||||
24|joy|anger|35.0|2654.0|0.013187641296156745|0.026031982149497958|['emotion', 'emotion_nrc']|||||||||
25|joy|disgust|28.0|1601.0|0.017489069331667707|0.03437691835481891|['emotion', 'emotion_nrc']|||||||||
26|joy|fear|105.0|1923.0|0.054602184087363496|0.10355029585798818|['emotion', 'emotion_nrc']|||||||||
27|joy|joy|527.0|2248.0|0.23443060498220641|0.3798198198198198|['emotion', 'emotion_nrc']|||||||||
28|joy|none|0.0|1090.0|0.0|0.0|['emotion', 'emotion_nrc']|||||||||
29|joy|sadness|19.0|1797.0|0.010573177518085699|0.02092511013215859|['emotion', 'emotion_nrc']|||||||||
30|sadness|anger|200.0|2481.0|0.08061265618702136|0.14919806042521447|['emotion', 'emotion_nrc']|||||||||
31|sadness|disgust|27.0|1594.0|0.016938519447929738|0.03331276989512647|['emotion', 'emotion_nrc']|||||||||
32|sadness|fear|124.0|1896.0|0.06540084388185655|0.12277227722772278|['emotion', 'emotion_nrc']|||||||||
33|sadness|joy|247.0|2520.0|0.09801587301587301|0.17853270690278278|['emotion', 'emotion_nrc']|||||||||
34|sadness|none|0.0|1082.0|0.0|0.0|['emotion', 'emotion_nrc']|||||||||
35|sadness|sadness|166.0|1642.0|0.10109622411693057|0.18362831858407078|['emotion', 'emotion_nrc']|||||||||
36|shame|anger|160.0|2501.0|0.06397441023590564|0.12025554302893648|['emotion', 'emotion_nrc']|||||||||
37|shame|disgust|206.0|1395.0|0.14767025089605734|0.2573391630231105|['emotion', 'emotion_nrc']|||||||||
38|shame|fear|73.0|1927.0|0.03788271925272444|0.073|['emotion', 'emotion_nrc']|||||||||
39|shame|joy|205.0|2542.0|0.08064516129032258|0.1492537313432836|['emotion', 'emotion_nrc']|||||||||
40|shame|none|0.0|1062.0|0.0|0.0|['emotion', 'emotion_nrc']|||||||||
41|shame|sadness|131.0|1657.0|0.07905853952926976|0.1465324384787472|['emotion', 'emotion_nrc']|||||||||
42|anger||||||['emotion', 'liwc']|negate|394.0|2679.0|0.14706980216498694|0.2564269443540514||||
43|anger||||||['emotion', 'liwc']|social|972.0|6696.0|0.14516129032258066|0.2535211267605634||||
44|anger||||||['emotion', 'liwc']|family|244.0|2492.0|0.09791332263242375|0.1783625730994152||||
45|anger||||||['emotion', 'liwc']|friend|135.0|1954.0|0.06908904810644831|0.1292484442316898||||
46|anger||||||['emotion', 'liwc']|humans|685.0|4907.0|0.13959649480334216|0.2449928469241774||||
47|anger||||||['emotion', 'liwc']|affect|952.0|6177.0|0.154120123037073|0.267078131575256||||
48|anger||||||['emotion', 'liwc']|posemo|698.0|4673.0|0.14936871388829445|0.25991435486873954||||
49|anger||||||['emotion', 'liwc']|negemo|732.0|4577.0|0.15993008520865196|0.2757581465436052||||
50|anger||||||['emotion', 'liwc']|anx|192.0|2522.0|0.0761300555114988|0.1414885777450258||||
51|anger||||||['emotion', 'liwc']|anger|442.0|2535.0|0.17435897435897435|0.296943231441048||||
52|anger||||||['emotion', 'liwc']|sad|258.0|2595.0|0.09942196531791908|0.1808622502628812||||
53|anger||||||['emotion', 'liwc']|cogmech|1062.0|7309.0|0.14530031468053084|0.2537331262692629||||
54|anger||||||['emotion', 'liwc']|insight|735.0|5369.0|0.13689700130378096|0.2408256880733945||||
55|anger||||||['emotion', 'liwc']|cause|549.0|3806.0|0.1442459274829217|0.25212399540757746||||
56|anger||||||['emotion', 'liwc']|discrep|636.0|4713.0|0.1349458943348186|0.2378014582164891||||
57|anger||||||['emotion', 'liwc']|tentat|888.0|6319.0|0.14052856464630478|0.24642708477868736||||
58|anger||||||['emotion', 'liwc']|certain|187.0|2019.0|0.09262010896483408|0.16953762466001812||||
59|anger||||||['emotion', 'liwc']|inhib|604.0|4286.0|0.14092393840410639|0.24703476482617587||||
60|anger||||||['emotion', 'liwc']|incl|973.0|6679.0|0.14568049109148076|0.2543125980135912||||
61|anger||||||['emotion', 'liwc']|excl|732.0|4926.0|0.14859926918392205|0.2587486744432662||||
62|anger||||||['emotion', 'liwc']|percept|607.0|4776.0|0.12709380234505863|0.22552480029723201||||
63|anger||||||['emotion', 'liwc']|see|204.0|2412.0|0.0845771144278607|0.1559633027522936||||
64|anger||||||['emotion', 'liwc']|hear|261.0|2315.0|0.11274298056155507|0.20263975155279504||||
65|anger||||||['emotion', 'liwc']|feel|310.0|3167.0|0.09788443321755605|0.17831463905665804||||
66|anger||||||['emotion', 'liwc']|bio|663.0|5031.0|0.13178294573643412|0.23287671232876714||||
67|anger||||||['emotion', 'liwc']|body|391.0|3337.0|0.11717111177704526|0.20976394849785407||||
68|anger||||||['emotion', 'liwc']|health|176.0|2180.0|0.08073394495412844|0.1494057724957555||||
69|anger||||||['emotion', 'liwc']|sexual|319.0|2610.0|0.12222222222222222|0.21782178217821782||||
70|anger||||||['emotion', 'liwc']|ingest|702.0|5417.0|0.1295920251061473|0.2294492564144468||||
71|anger||||||['emotion', 'liwc']|relativ|1026.0|7157.0|0.14335615481346933|0.25076377856531834||||
72|anger||||||['emotion', 'liwc']|motion|780.0|5734.0|0.13603069410533658|0.23948418790297818||||
73|anger||||||['emotion', 'liwc']|space|917.0|6473.0|0.1416653792677275|0.24817320703653584||||
74|anger||||||['emotion', 'liwc']|time|844.0|5797.0|0.14559254786958772|0.25417858756211414||||
75|anger||||||['emotion', 'liwc']|work|536.0|3546.0|0.15115623237450648|0.2626163645271925||||
76|anger||||||['emotion', 'liwc']|achieve|432.0|3239.0|0.13337449830194503|0.2353582130209752||||
77|anger||||||['emotion', 'liwc']|leisure|318.0|2848.0|0.11165730337078651|0.2008843967150979||||
78|anger||||||['emotion', 'liwc']|home|204.0|2119.0|0.09627182633317603|0.1756349547998278||||
79|anger||||||['emotion', 'liwc']|money|399.0|3019.0|0.1321629678701557|0.23346986541837333||||
80|anger||||||['emotion', 'liwc']|relig|53.0|1558.0|0.03401797175866496|0.06579764121663563||||
81|anger||||||['emotion', 'liwc']|death|41.0|1626.0|0.025215252152521524|0.04919016196760648||||
82|anger||||||['emotion', 'liwc']|assent|58.0|1473.0|0.03937542430414121|0.07576747224036577||||
83|anger||||||['emotion', 'liwc']|nonfl|348.0|2875.0|0.12104347826086957|0.21594787465094634||||
84|anger||||||['emotion', 'liwc']|filler|7.0|1174.0|0.00596252129471891|0.011854360711261643||||
85|disgust||||||['emotion', 'liwc']|negate|229.0|2833.0|0.08083303918108013|0.14957544088830832||||
86|disgust||||||['emotion', 'liwc']|social|949.0|6708.0|0.14147286821705427|0.24787775891341257||||
87|disgust||||||['emotion', 'liwc']|family|135.0|2590.0|0.052123552123552123|0.09908256880733946||||
88|disgust||||||['emotion', 'liwc']|friend|162.0|1916.0|0.08455114822546973|0.15591915303176132||||
89|disgust||||||['emotion', 'liwc']|humans|675.0|4906.0|0.13758662861801876|0.24189213402616022||||
90|disgust||||||['emotion', 'liwc']|affect|823.0|6295.0|0.1307386814932486|0.23124473166619838||||
91|disgust||||||['emotion', 'liwc']|posemo|527.0|4833.0|0.1090420028967515|0.1966417910447761||||
92|disgust||||||['emotion', 'liwc']|negemo|600.0|4698.0|0.1277139208173691|0.22650056625141565||||
93|disgust||||||['emotion', 'liwc']|anx|145.0|2558.0|0.056684910086004694|0.1072881982981872||||
94|disgust||||||['emotion', 'liwc']|anger|356.0|2610.0|0.1363984674329502|0.24005394470667568||||
95|disgust||||||['emotion', 'liwc']|sad|230.0|2612.0|0.08805513016845329|0.1618578465869106||||
96|disgust||||||['emotion', 'liwc']|cogmech|1052.0|7308.0|0.14395183360700603|0.2516746411483254||||
97|disgust||||||['emotion', 'liwc']|insight|681.0|5412.0|0.12583148558758314|0.22353520433284096||||
98|disgust||||||['emotion', 'liwc']|cause|425.0|3919.0|0.10844603215105894|0.19567219152854512||||
99|disgust||||||['emotion', 'liwc']|discrep|604.0|4734.0|0.12758766370933672|0.22630198576245786||||
100|disgust||||||['emotion', 'liwc']|tentat|907.0|6289.0|0.14422006678327237|0.2520844913841022||||
101|disgust||||||['emotion', 'liwc']|certain|166.0|2029.0|0.08181370133070479|0.15125284738041003||||
102|disgust||||||['emotion', 'liwc']|inhib|459.0|4420.0|0.10384615384615385|0.18815331010452963||||
103|disgust||||||['emotion', 'liwc']|incl|935.0|6706.0|0.13942737846704445|0.24473236487370767||||
104|disgust||||||['emotion', 'liwc']|excl|646.0|5001.0|0.12917416516696661|0.2287940499380202||||
105|disgust||||||['emotion', 'liwc']|percept|627.0|4745.0|0.1321390937829294|0.23343261355174982||||
106|disgust||||||['emotion', 'liwc']|see|309.0|2296.0|0.13458188153310105|0.23723608445297506||||
107|disgust||||||['emotion', 'liwc']|hear|163.0|2402.0|0.0678601165695254|0.1270955165692008||||
108|disgust||||||['emotion', 'liwc']|feel|293.0|3173.0|0.09234163252442483|0.16907097518753605||||
109|disgust||||||['emotion', 'liwc']|bio|763.0|4920.0|0.15508130081300814|0.2685201478092557||||
110|disgust||||||['emotion', 'liwc']|body|421.0|3296.0|0.12773058252427186|0.2265267688996503||||
111|disgust||||||['emotion', 'liwc']|health|201.0|2144.0|0.09375|0.17142857142857143||||
112|disgust||||||['emotion', 'liwc']|sexual|295.0|2623.0|0.11246664125047655|0.2021932830705963||||
113|disgust||||||['emotion', 'liwc']|ingest|704.0|5404.0|0.13027387120651368|0.23051735428945644||||
114|disgust||||||['emotion', 'liwc']|relativ|994.0|7178.0|0.13847868487043744|0.24326970141948115||||
115|disgust||||||['emotion', 'liwc']|motion|684.0|5819.0|0.11754597009795498|0.21036444717822542||||
116|disgust||||||['emotion', 'liwc']|space|910.0|6469.0|0.14067089194620497|0.24664588697655507||||
117|disgust||||||['emotion', 'liwc']|time|730.0|5900.0|0.12372881355932204|0.220211161387632||||
118|disgust||||||['emotion', 'liwc']|work|408.0|3663.0|0.11138411138411139|0.20044215180545322||||
119|disgust||||||['emotion', 'liwc']|achieve|318.0|3342.0|0.09515260323159784|0.17377049180327866||||
120|disgust||||||['emotion', 'liwc']|leisure|354.0|2801.0|0.12638343448768297|0.224405705229794||||
121|disgust||||||['emotion', 'liwc']|home|180.0|2132.0|0.08442776735459662|0.15570934256055363||||
122|disgust||||||['emotion', 'liwc']|money|267.0|3140.0|0.08503184713375796|0.15673613149398297||||
123|disgust||||||['emotion', 'liwc']|relig|47.0|1553.0|0.030264005151320026|0.05875||||
124|disgust||||||['emotion', 'liwc']|death|37.0|1619.0|0.02285361334156887|0.04468599033816425||||
125|disgust||||||['emotion', 'liwc']|assent|57.0|1463.0|0.03896103896103896|0.07500000000000001||||
126|disgust||||||['emotion', 'liwc']|nonfl|302.0|2910.0|0.10378006872852234|0.18804483188044832||||
127|disgust||||||['emotion', 'liwc']|filler|13.0|1157.0|0.011235955056179775|0.02222222222222222||||
128|fear||||||['emotion', 'liwc']|negate|231.0|2843.0|0.08125219838199085|0.15029277813923225||||
129|fear||||||['emotion', 'liwc']|social|892.0|6777.0|0.13162166150213958|0.23262485330551572||||
130|fear||||||['emotion', 'liwc']|family|167.0|2570.0|0.06498054474708172|0.12203142126415785||||
131|fear||||||['emotion', 'liwc']|friend|212.0|1878.0|0.11288604898828541|0.20287081339712917||||
132|fear||||||['emotion', 'liwc']|humans|686.0|4907.0|0.1398002853067047|0.24530663329161453||||
133|fear||||||['emotion', 'liwc']|affect|872.0|6258.0|0.1393416426973474|0.24460028050490884||||
134|fear||||||['emotion', 'liwc']|posemo|490.0|4882.0|0.10036870135190495|0.18242740134028293||||
135|fear||||||['emotion', 'liwc']|negemo|748.0|4562.0|0.16396317404647084|0.28173258003766477||||
136|fear||||||['emotion', 'liwc']|anx|440.0|2275.0|0.1934065934065934|0.3241252302025783||||
137|fear||||||['emotion', 'liwc']|anger|299.0|2679.0|0.11160880925718551|0.20080591000671594||||
138|fear||||||['emotion', 'liwc']|sad|326.0|2528.0|0.12895569620253164|0.22845129642606868||||
139|fear||||||['emotion', 'liwc']|cogmech|1055.0|7317.0|0.14418477518108513|0.2520305781175346||||
140|fear||||||['emotion', 'liwc']|insight|693.0|5412.0|0.12804878048780488|0.22702702702702707||||
141|fear||||||['emotion', 'liwc']|cause|443.0|3913.0|0.11321236902632252|0.2033976124885216||||
142|fear||||||['emotion', 'liwc']|discrep|567.0|4783.0|0.11854484633075475|0.2119626168224299||||
143|fear||||||['emotion', 'liwc']|tentat|918.0|6290.0|0.14594594594594595|0.25471698113207547||||
144|fear||||||['emotion', 'liwc']|certain|165.0|2042.0|0.08080313418217434|0.1495242410512007||||
145|fear||||||['emotion', 'liwc']|inhib|564.0|4327.0|0.13034434943378784|0.23062768350030666||||
146|fear||||||['emotion', 'liwc']|incl|970.0|6683.0|0.14514439622923836|0.2534953612962237||||
147|fear||||||['emotion', 'liwc']|excl|637.0|5022.0|0.12684189565909995|0.22512811450786355||||
148|fear||||||['emotion', 'liwc']|percept|687.0|4697.0|0.1462635724930807|0.2552005943536404||||
149|fear||||||['emotion', 'liwc']|see|264.0|2353.0|0.11219719507012324|0.20175773786778753||||
150|fear||||||['emotion', 'liwc']|hear|180.0|2397.0|0.07509386733416772|0.13969732246798605||||
151|fear||||||['emotion', 'liwc']|feel|469.0|3009.0|0.15586573612495846|0.26969522714203564||||
152|fear||||||['emotion', 'liwc']|bio|638.0|5057.0|0.1261617559818074|0.22405618964003512||||
153|fear||||||['emotion', 'liwc']|body|397.0|3332.0|0.11914765906362546|0.21292571735049615||||
154|fear||||||['emotion', 'liwc']|health|188.0|2169.0|0.08667588750576302|0.1595248196860416||||
155|fear||||||['emotion', 'liwc']|sexual|239.0|2691.0|0.08881456707543664|0.16313993174061434||||
156|fear||||||['emotion', 'liwc']|ingest|782.0|5338.0|0.1464968152866242|0.25555555555555554||||
157|fear||||||['emotion', 'liwc']|relativ|1040.0|7144.0|0.1455767077267637|0.25415444770283474||||
158|fear||||||['emotion', 'liwc']|motion|854.0|5661.0|0.1508567390920332|0.2621642363775902||||
159|fear||||||['emotion', 'liwc']|space|948.0|6443.0|0.14713642713021885|0.25652820998511705||||
160|fear||||||['emotion', 'liwc']|time|771.0|5871.0|0.1313234542667348|0.23215898825654926||||
161|fear||||||['emotion', 'liwc']|work|352.0|3731.0|0.09434467971053337|0.1724222385500857||||
162|fear||||||['emotion', 'liwc']|achieve|375.0|3297.0|0.11373976342129208|0.2042483660130719||||
163|fear||||||['emotion', 'liwc']|leisure|348.0|2819.0|0.12344803121674353|0.21976634038522258||||
164|fear||||||['emotion', 'liwc']|home|256.0|2068.0|0.12379110251450677|0.22030981067125643||||
165|fear||||||['emotion', 'liwc']|money|325.0|3094.0|0.10504201680672269|0.19011406844106463||||
166|fear||||||['emotion', 'liwc']|relig|53.0|1559.0|0.03399615137908916|0.06575682382133995||||
167|fear||||||['emotion', 'liwc']|death|100.0|1568.0|0.06377551020408163|0.11990407673860912||||
168|fear||||||['emotion', 'liwc']|assent|61.0|1471.0|0.04146838885112169|0.07963446475195823||||
169|fear||||||['emotion', 'liwc']|nonfl|326.0|2898.0|0.11249137336093858|0.20223325062034742||||
170|fear||||||['emotion', 'liwc']|filler|10.0|1172.0|0.008532423208191127|0.01692047377326565||||
171|guilt||||||['emotion', 'liwc']|negate|371.0|2683.0|0.13827804696235557|0.24296005239030782||||
172|guilt||||||['emotion', 'liwc']|social|991.0|6658.0|0.14884349654550916|0.2591188390639299||||
173|guilt||||||['emotion', 'liwc']|family|336.0|2381.0|0.14111717765644688|0.2473316157526684||||
174|guilt||||||['emotion', 'liwc']|friend|143.0|1927.0|0.0742086144265698|0.13816425120772946||||
175|guilt||||||['emotion', 'liwc']|humans|693.0|4880.0|0.14200819672131149|0.24869908487349726||||
176|guilt||||||['emotion', 'liwc']|affect|928.0|6182.0|0.15011323196376578|0.26104078762306615||||
177|guilt||||||['emotion', 'liwc']|posemo|639.0|4713.0|0.13558243157224698|0.23878923766816146||||
178|guilt||||||['emotion', 'liwc']|negemo|707.0|4583.0|0.1542657647828933|0.267296786389414||||
179|guilt||||||['emotion', 'liwc']|anx|349.0|2346.0|0.14876385336743392|0.25899814471243043||||
180|guilt||||||['emotion', 'liwc']|anger|297.0|2661.0|0.11161217587373168|0.20081135902636918||||
181|guilt||||||['emotion', 'liwc']|sad|260.0|2574.0|0.10101010101010101|0.1834862385321101||||
182|guilt||||||['emotion', 'liwc']|cogmech|1047.0|7305.0|0.1433264887063655|0.2507183908045977||||
183|guilt||||||['emotion', 'liwc']|insight|762.0|5323.0|0.14315235769303025|0.2504519309778143||||
184|guilt||||||['emotion', 'liwc']|cause|572.0|3764.0|0.15196599362380447|0.2638376383763838||||
185|guilt||||||['emotion', 'liwc']|discrep|689.0|4641.0|0.1484593837535014|0.25853658536585367||||
186|guilt||||||['emotion', 'liwc']|tentat|873.0|6315.0|0.13824228028503563|0.24290484140233723||||
187|guilt||||||['emotion', 'liwc']|certain|162.0|2025.0|0.08|0.14814814814814814||||
188|guilt||||||['emotion', 'liwc']|inhib|626.0|4245.0|0.14746760895170788|0.25703141038801064||||
189|guilt||||||['emotion', 'liwc']|incl|968.0|6665.0|0.1452363090772693|0.25363552993580507||||
190|guilt||||||['emotion', 'liwc']|excl|720.0|4919.0|0.14637121366131328|0.25536442631672285||||
191|guilt||||||['emotion', 'liwc']|percept|662.0|4702.0|0.1407911527009783|0.24683072334079048||||
192|guilt||||||['emotion', 'liwc']|see|177.0|2420.0|0.07314049586776859|0.13631112822487484||||
193|guilt||||||['emotion', 'liwc']|hear|231.0|2326.0|0.09931212381771282|0.18068048494329292||||
194|guilt||||||['emotion', 'liwc']|feel|449.0|3009.0|0.14921900963775342|0.25968768074031234||||
195|guilt||||||['emotion', 'liwc']|bio|656.0|5019.0|0.13070332735604703|0.23118942731277536||||
196|guilt||||||['emotion', 'liwc']|body|394.0|3315.0|0.11885369532428355|0.2124561876516581||||
197|guilt||||||['emotion', 'liwc']|health|208.0|2129.0|0.09769844997651479|0.17800599058622166||||
198|guilt||||||['emotion', 'liwc']|sexual|248.0|2662.0|0.09316303531179564|0.170446735395189||||
199|guilt||||||['emotion', 'liwc']|ingest|696.0|5404.0|0.12879348630643966|0.2281967213114754||||
200|guilt||||||['emotion', 'liwc']|relativ|1009.0|7155.0|0.14102026554856745|0.2471827535521803||||
201|guilt||||||['emotion', 'liwc']|motion|814.0|5681.0|0.14328463298715016|0.25065434949961507||||
202|guilt||||||['emotion', 'liwc']|space|907.0|6464.0|0.14031559405940594|0.24609957943291277||||
203|guilt||||||['emotion', 'liwc']|time|869.0|5753.0|0.15105162523900573|0.26245847176079734||||
204|guilt||||||['emotion', 'liwc']|work|423.0|3640.0|0.11620879120879121|0.2082205267044056||||
205|guilt||||||['emotion', 'liwc']|achieve|391.0|3261.0|0.119901870591843|0.21412924424972618||||
206|guilt||||||['emotion', 'liwc']|leisure|270.0|2877.0|0.09384775808133472|0.17159199237368922||||
207|guilt||||||['emotion', 'liwc']|home|188.0|2116.0|0.0888468809073724|0.16319444444444445||||
208|guilt||||||['emotion', 'liwc']|money|409.0|2990.0|0.13678929765886289|0.24065901735804648||||
209|guilt||||||['emotion', 'liwc']|relig|64.0|1528.0|0.041884816753926704|0.08040201005025126||||
210|guilt||||||['emotion', 'liwc']|death|73.0|1575.0|0.04634920634920635|0.08859223300970874||||
211|guilt||||||['emotion', 'liwc']|assent|55.0|1457.0|0.03774879890185312|0.07275132275132273||||
212|guilt||||||['emotion', 'liwc']|nonfl|368.0|2836.0|0.12976022566995768|0.22971285892634205||||
213|guilt||||||['emotion', 'liwc']|filler|21.0|1141.0|0.018404907975460124|0.03614457831325302||||
214|joy||||||['emotion', 'liwc']|negate|144.0|2933.0|0.049096488237299694|0.09359766005849854||||
215|joy||||||['emotion', 'liwc']|social|892.0|6780.0|0.13156342182890857|0.23253388946819606||||
216|joy||||||['emotion', 'liwc']|family|162.0|2578.0|0.06283941039565555|0.11824817518248175||||
217|joy||||||['emotion', 'liwc']|friend|102.0|1991.0|0.051230537418382724|0.09746774964166269||||
218|joy||||||['emotion', 'liwc']|humans|518.0|5078.0|0.10200866482867271|0.185132237312366||||
219|joy||||||['emotion', 'liwc']|affect|777.0|6356.0|0.1222466960352423|0.21786064769381747||||
220|joy||||||['emotion', 'liwc']|posemo|718.0|4657.0|0.15417650848185527|0.2671627906976744||||
221|joy||||||['emotion', 'liwc']|negemo|241.0|5072.0|0.047515772870662464|0.09072087332956898||||
222|joy||||||['emotion', 'liwc']|anx|56.0|2662.0|0.021036814425244178|0.041206769683590876||||
223|joy||||||['emotion', 'liwc']|anger|85.0|2896.0|0.02935082872928177|0.05702784300570278||||
224|joy||||||['emotion', 'liwc']|sad|86.0|2771.0|0.031035727174305305|0.060203010150507524||||
225|joy||||||['emotion', 'liwc']|cogmech|1035.0|7340.0|0.14100817438692098|0.24716417910447763||||
226|joy||||||['emotion', 'liwc']|insight|738.0|5370.0|0.13743016759776536|0.24165029469548133||||
227|joy||||||['emotion', 'liwc']|cause|378.0|3981.0|0.09495101733232857|0.1734342739160358||||
228|joy||||||['emotion', 'liwc']|discrep|561.0|4792.0|0.11707011686143573|0.2096020922847002||||
229|joy||||||['emotion', 'liwc']|tentat|857.0|6354.0|0.13487566887000316|0.2376924143669394||||
230|joy||||||['emotion', 'liwc']|certain|127.0|2083.0|0.060969755160825735|0.11493212669683259||||
231|joy||||||['emotion', 'liwc']|inhib|521.0|4373.0|0.1191401783672536|0.21291377196567224||||
232|joy||||||['emotion', 'liwc']|incl|918.0|6738.0|0.13624220837043632|0.23981191222570533||||
233|joy||||||['emotion', 'liwc']|excl|545.0|5117.0|0.1065077193668165|0.19251148004238786||||
234|joy||||||['emotion', 'liwc']|percept|620.0|4767.0|0.13006083490664988|0.23018377575645071||||
235|joy||||||['emotion', 'liwc']|see|221.0|2399.0|0.0921217173822426|0.1687022900763359||||
236|joy||||||['emotion', 'liwc']|hear|214.0|2366.0|0.0904480135249366|0.16589147286821707||||
237|joy||||||['emotion', 'liwc']|feel|311.0|3170.0|0.09810725552050473|0.17868428612467682||||
238|joy||||||['emotion', 'liwc']|bio|526.0|5172.0|0.1017014694508894|0.18462618462618463||||
239|joy||||||['emotion', 'liwc']|body|303.0|3429.0|0.08836395450568679|0.16237942122186497||||
240|joy||||||['emotion', 'liwc']|health|115.0|2245.0|0.051224944320712694|0.09745762711864407||||
241|joy||||||['emotion', 'liwc']|sexual|230.0|2703.0|0.08509064002959675|0.15683600409137402||||
242|joy||||||['emotion', 'liwc']|ingest|728.0|5395.0|0.13493975903614458|0.23779193205944799||||
243|joy||||||['emotion', 'liwc']|relativ|1020.0|7167.0|0.14231896190874843|0.24917552216929278||||
244|joy||||||['emotion', 'liwc']|motion|729.0|5789.0|0.12592848505786838|0.22368824792881253||||
245|joy||||||['emotion', 'liwc']|space|906.0|6488.0|0.13964241676942046|0.24506356505274543||||
246|joy||||||['emotion', 'liwc']|time|812.0|5833.0|0.13920795474027087|0.24439428141459743||||
247|joy||||||['emotion', 'liwc']|work|502.0|3584.0|0.14006696428571427|0.245717082721488||||
248|joy||||||['emotion', 'liwc']|achieve|377.0|3298.0|0.11431170406306852|0.20517006802721088||||
249|joy||||||['emotion', 'liwc']|leisure|280.0|2890.0|0.09688581314878893|0.17665615141955837||||
250|joy||||||['emotion', 'liwc']|home|103.0|2224.0|0.046312949640287766|0.08852599914052427||||
251|joy||||||['emotion', 'liwc']|money|285.0|3137.0|0.09085113165444693|0.16656925774400935||||
252|joy||||||['emotion', 'liwc']|relig|199.0|1416.0|0.1405367231638418|0.24643962848297216||||
253|joy||||||['emotion', 'liwc']|death|13.0|1658.0|0.007840772014475271|0.015559545182525433||||
254|joy||||||['emotion', 'liwc']|assent|96.0|1439.0|0.06671299513551077|0.12508143322475568||||
255|joy||||||['emotion', 'liwc']|nonfl|231.0|2996.0|0.07710280373831775|0.14316702819956617||||
256|joy||||||['emotion', 'liwc']|filler|7.0|1178.0|0.005942275042444821|0.011814345991561183||||
257|sadness||||||['emotion', 'liwc']|negate|298.0|2771.0|0.10754240346445326|0.1942000651678071||||
258|sadness||||||['emotion', 'liwc']|social|956.0|6708.0|0.14251639833035182|0.24947807933194152||||
259|sadness||||||['emotion', 'liwc']|family|406.0|2326.0|0.17454858125537404|0.29721815519765743||||
260|sadness||||||['emotion', 'liwc']|friend|127.0|1958.0|0.06486210418794688|0.12182254196642685||||
261|sadness||||||['emotion', 'liwc']|humans|582.0|5006.0|0.11626048741510188|0.20830350751610593||||
262|sadness||||||['emotion', 'liwc']|affect|810.0|6315.0|0.12826603325415678|0.2273684210526316||||
263|sadness||||||['emotion', 'liwc']|posemo|602.0|4765.0|0.12633788037775445|0.22433389230482578||||
264|sadness||||||['emotion', 'liwc']|negemo|538.0|4767.0|0.11285924061254458|0.20282752120640907||||
265|sadness||||||['emotion', 'liwc']|anx|89.0|2621.0|0.033956505150705835|0.06568265682656826||||
266|sadness||||||['emotion', 'liwc']|anger|170.0|2803.0|0.060649304316803425|0.11436259670366633||||
267|sadness||||||['emotion', 'liwc']|sad|404.0|2445.0|0.1652351738241309|0.2836082836082836||||
268|sadness||||||['emotion', 'liwc']|cogmech|989.0|7378.0|0.13404716725399837|0.2364049241066093||||
269|sadness||||||['emotion', 'liwc']|insight|668.0|5432.0|0.12297496318114874|0.21901639344262294||||
270|sadness||||||['emotion', 'liwc']|cause|411.0|3940.0|0.10431472081218274|0.18892208687658008||||
271|sadness||||||['emotion', 'liwc']|discrep|604.0|4741.0|0.12739928285171906|0.2260056127221703||||
272|sadness||||||['emotion', 'liwc']|tentat|791.0|6412.0|0.12336244541484716|0.21963070942662777||||
273|sadness||||||['emotion', 'liwc']|certain|158.0|2044.0|0.07729941291585127|0.14350590372388736||||
274|sadness||||||['emotion', 'liwc']|inhib|473.0|4413.0|0.10718332200317245|0.19361440851412198||||
275|sadness||||||['emotion', 'liwc']|incl|866.0|6782.0|0.12769094662341493|0.22646443514644354||||
276|sadness||||||['emotion', 'liwc']|excl|642.0|5012.0|0.1280925778132482|0.22709586133710646||||
277|sadness||||||['emotion', 'liwc']|percept|507.0|4872.0|0.10406403940886699|0.18851087562744004||||
278|sadness||||||['emotion', 'liwc']|see|173.0|2439.0|0.07093070930709307|0.1324655436447167||||
279|sadness||||||['emotion', 'liwc']|hear|203.0|2369.0|0.08569016462642465|0.1578538102643857||||
280|sadness||||||['emotion', 'liwc']|feel|227.0|3246.0|0.06993222427603205|0.1307227181111431||||
281|sadness||||||['emotion', 'liwc']|bio|666.0|5024.0|0.13256369426751594|0.23409490333919158||||
282|sadness||||||['emotion', 'liwc']|body|354.0|3370.0|0.10504451038575667|0.19011815252416756||||
283|sadness||||||['emotion', 'liwc']|health|228.0|2124.0|0.10734463276836158|0.19387755102040816||||
284|sadness||||||['emotion', 'liwc']|sexual|250.0|2675.0|0.09345794392523364|0.17094017094017094||||
285|sadness||||||['emotion', 'liwc']|ingest|707.0|5408.0|0.13073224852071005|0.23123466884709729||||
286|sadness||||||['emotion', 'liwc']|relativ|989.0|7190.0|0.13755215577190544|0.2418388556058198||||
287|sadness||||||['emotion', 'liwc']|motion|795.0|5715.0|0.13910761154855644|0.24423963133640558||||
288|sadness||||||['emotion', 'liwc']|space|803.0|6583.0|0.12198085979036913|0.2174383969672353||||
289|sadness||||||['emotion', 'liwc']|time|736.0|5901.0|0.12472462294526351|0.22178695193611572||||
290|sadness||||||['emotion', 'liwc']|work|323.0|3755.0|0.08601864181091877|0.15841098577734183||||
291|sadness||||||['emotion', 'liwc']|achieve|332.0|3335.0|0.09955022488755622|0.18107444777747478||||
292|sadness||||||['emotion', 'liwc']|leisure|191.0|2971.0|0.06428811847862673|0.12080961416824794||||
293|sadness||||||['emotion', 'liwc']|home|150.0|2169.0|0.06915629322268327|0.129366106080207||||
294|sadness||||||['emotion', 'liwc']|money|270.0|3144.0|0.08587786259541985|0.15817223198594024||||
295|sadness||||||['emotion', 'liwc']|relig|65.0|1542.0|0.04215304798962387|0.08089607965152458||||
296|sadness||||||['emotion', 'liwc']|death|272.0|1391.0|0.19554277498202732|0.3271196632591702||||
297|sadness||||||['emotion', 'liwc']|assent|67.0|1460.0|0.04589041095890411|0.08775376555337264||||
298|sadness||||||['emotion', 'liwc']|nonfl|244.0|2975.0|0.08201680672268907|0.15159987573780678||||
299|sadness||||||['emotion', 'liwc']|filler|14.0|1163.0|0.012037833190025795|0.0237892948173322||||
300|shame||||||['emotion', 'liwc']|negate|320.0|2729.0|0.11725906925613779|0.20990488684814695||||
301|shame||||||['emotion', 'liwc']|social|930.0|6714.0|0.1385165326184093|0.24332810047095763||||
302|shame||||||['emotion', 'liwc']|family|200.0|2512.0|0.07961783439490445|0.14749262536873153||||
303|shame||||||['emotion', 'liwc']|friend|122.0|1943.0|0.06278950077200206|0.11815980629539952||||
304|shame||||||['emotion', 'liwc']|humans|667.0|4901.0|0.13609467455621302|0.23958333333333334||||
305|shame||||||['emotion', 'liwc']|affect|881.0|6224.0|0.14154884318766067|0.24799437016185788||||
306|shame||||||['emotion', 'liwc']|posemo|611.0|4736.0|0.12901182432432431|0.22853936786983353||||
307|shame||||||['emotion', 'liwc']|negemo|657.0|4628.0|0.141961970613656|0.24862819299905395||||
308|shame||||||['emotion', 'liwc']|anx|357.0|2333.0|0.15302186026575226|0.2654275092936803||||
309|shame||||||['emotion', 'liwc']|anger|242.0|2711.0|0.08926595352268536|0.16390111750761938||||
310|shame||||||['emotion', 'liwc']|sad|203.0|2626.0|0.0773038842345773|0.143513609049134||||
311|shame||||||['emotion', 'liwc']|cogmech|1045.0|7302.0|0.14311147630786086|0.25038936144722657||||
312|shame||||||['emotion', 'liwc']|insight|741.0|5339.0|0.1387900355871886|0.24375000000000002||||
313|shame||||||['emotion', 'liwc']|cause|491.0|3840.0|0.12786458333333334|0.22673747402447472||||
314|shame||||||['emotion', 'liwc']|discrep|602.0|4723.0|0.12746135930552616|0.22610328638497657||||
315|shame||||||['emotion', 'liwc']|tentat|887.0|6296.0|0.14088310038119442|0.24697201726298207||||
316|shame||||||['emotion', 'liwc']|certain|155.0|2027.0|0.07646768623581648|0.14207149404216318||||
317|shame||||||['emotion', 'liwc']|inhib|557.0|4309.0|0.129264330471107|0.22893547061241268||||
318|shame||||||['emotion', 'liwc']|incl|936.0|6692.0|0.13986849970113568|0.2454116413214473||||
319|shame||||||['emotion', 'liwc']|excl|650.0|4984.0|0.13041733547351525|0.23074192403265886||||
320|shame||||||['emotion', 'liwc']|percept|587.0|4772.0|0.1230092204526404|0.2190707221496548||||
321|shame||||||['emotion', 'liwc']|see|182.0|2410.0|0.07551867219917012|0.14043209876543208||||
322|shame||||||['emotion', 'liwc']|hear|238.0|2314.0|0.10285220397579949|0.1865203761755486||||
323|shame||||||['emotion', 'liwc']|feel|332.0|3121.0|0.10637616148670298|0.1922965537214017||||
324|shame||||||['emotion', 'liwc']|bio|696.0|4974.0|0.1399276236429433|0.24550264550264553||||
325|shame||||||['emotion', 'liwc']|body|382.0|3322.0|0.11499096929560505|0.20626349892008639||||
326|shame||||||['emotion', 'liwc']|health|154.0|2178.0|0.0707070707070707|0.1320754716981132||||
327|shame||||||['emotion', 'liwc']|sexual|262.0|2643.0|0.09912977676882331|0.18037865748709123||||
328|shame||||||['emotion', 'liwc']|ingest|714.0|5381.0|0.1326890912469801|0.23429040196882692||||
329|shame||||||['emotion', 'liwc']|relativ|1019.0|7140.0|0.1427170868347339|0.2497855129305062||||
330|shame||||||['emotion', 'liwc']|motion|772.0|5718.0|0.13501224204267226|0.237904468412943||||
331|shame||||||['emotion', 'liwc']|space|913.0|6453.0|0.14148458081512474|0.24789573717078467||||
332|shame||||||['emotion', 'liwc']|time|793.0|5824.0|0.13616071428571427|0.23968565815324164||||
333|shame||||||['emotion', 'liwc']|work|452.0|3606.0|0.12534664448141986|0.2227698373583046||||
334|shame||||||['emotion', 'liwc']|achieve|360.0|3287.0|0.10952236081533313|0.19742253907321086||||
335|shame||||||['emotion', 'liwc']|leisure|319.0|2823.0|0.11300035423308537|0.2030553787396563||||
336|shame||||||['emotion', 'liwc']|home|156.0|2143.0|0.07279514699020065|0.13571117877337974||||
337|shame||||||['emotion', 'liwc']|money|377.0|3017.0|0.12495856811402055|0.22215674720094283||||
338|shame||||||['emotion', 'liwc']|relig|44.0|1543.0|0.028515878159429683|0.055450535601764335||||
339|shame||||||['emotion', 'liwc']|death|45.0|1598.0|0.028160200250312892|0.05477784540474741||||
340|shame||||||['emotion', 'liwc']|assent|51.0|1456.0|0.03502747252747253|0.0676841406768414||||
341|shame||||||['emotion', 'liwc']|nonfl|318.0|2881.0|0.11037834085387019|0.19881212879024698||||
342|shame||||||['emotion', 'liwc']|filler|23.0|1134.0|0.020282186948853614|0.03975799481417459||||
343||anger|||||['emotion_nrc', 'liwc']|negate|||||443.0|3143.0|0.14094813872096723|0.24707194645844954
344||anger|||||['emotion_nrc', 'liwc']|social|||||1448.0|6733.0|0.21506015149264815|0.35399095465102065
345||anger|||||['emotion_nrc', 'liwc']|family|||||401.0|2848.0|0.1408005617977528|0.24684518313327175
346||anger|||||['emotion_nrc', 'liwc']|friend|||||223.0|2379.0|0.0937368642286675|0.1714066102997694
347||anger|||||['emotion_nrc', 'liwc']|humans|||||1037.0|5068.0|0.20461720599842148|0.33972153972153973
348||anger|||||['emotion_nrc', 'liwc']|affect|||||1426.0|6216.0|0.2294079794079794|0.37320073279246274
349||anger|||||['emotion_nrc', 'liwc']|posemo|||||923.0|4961.0|0.18605119935496875|0.31373215499660095
350||anger|||||['emotion_nrc', 'liwc']|negemo|||||1243.0|4579.0|0.2714566499235641|0.42700103057368605
351||anger|||||['emotion_nrc', 'liwc']|anx|||||511.0|2716.0|0.18814432989690721|0.31670281995661603
352||anger|||||['emotion_nrc', 'liwc']|anger|||||703.0|2787.0|0.2522425547183351|0.402865329512894
353||anger|||||['emotion_nrc', 'liwc']|sad|||||423.0|2943.0|0.1437308868501529|0.2513368983957219
354||anger|||||['emotion_nrc', 'liwc']|cogmech|||||1559.0|7325.0|0.21283276450511945|0.3509680324178298
355||anger|||||['emotion_nrc', 'liwc']|insight|||||1091.0|5526.0|0.19743032935215346|0.329756687320538
356||anger|||||['emotion_nrc', 'liwc']|cause|||||803.0|4065.0|0.197539975399754|0.3299096138044371
357||anger|||||['emotion_nrc', 'liwc']|discrep|||||959.0|4903.0|0.19559453395880075|0.32719208461276017
358||anger|||||['emotion_nrc', 'liwc']|tentat|||||1327.0|6393.0|0.20757078054121694|0.3437823834196891
359||anger|||||['emotion_nrc', 'liwc']|certain|||||265.0|2454.0|0.10798696006519967|0.19492460463405664
360||anger|||||['emotion_nrc', 'liwc']|inhib|||||817.0|4586.0|0.17815089402529438|0.3024245789376273
361||anger|||||['emotion_nrc', 'liwc']|incl|||||1456.0|6709.0|0.2170219108660009|0.3566442131047152
362||anger|||||['emotion_nrc', 'liwc']|excl|||||1008.0|5163.0|0.19523532829750145|0.32668935342732136
363||anger|||||['emotion_nrc', 'liwc']|percept|||||1024.0|4872.0|0.21018062397372742|0.3473541383989145
364||anger|||||['emotion_nrc', 'liwc']|see|||||334.0|2795.0|0.11949910554561717|0.21348673697666987
365||anger|||||['emotion_nrc', 'liwc']|hear|||||376.0|2713.0|0.13859196461481754|0.24344448041437358
366||anger|||||['emotion_nrc', 'liwc']|feel|||||637.0|3353.0|0.18997912317327767|0.3192982456140351
367||anger|||||['emotion_nrc', 'liwc']|bio|||||1053.0|5154.0|0.20430733410942956|0.33929434509424844
368||anger|||||['emotion_nrc', 'liwc']|body|||||633.0|3608.0|0.17544345898004435|0.2985145012968639
369||anger|||||['emotion_nrc', 'liwc']|health|||||338.0|2531.0|0.1335440537337021|0.23562216800278843
370||anger|||||['emotion_nrc', 'liwc']|sexual|||||470.0|2972.0|0.15814266487213996|0.27309703660662404
371||anger|||||['emotion_nrc', 'liwc']|ingest|||||1029.0|5603.0|0.18365161520613957|0.310313630880579
372||anger|||||['emotion_nrc', 'liwc']|relativ|||||1488.0|7208.0|0.20643729189789123|0.3422263109475621
373||anger|||||['emotion_nrc', 'liwc']|motion|||||1190.0|5837.0|0.2038718519787562|0.33869361036003987
374||anger|||||['emotion_nrc', 'liwc']|space|||||1334.0|6569.0|0.2030750494748059|0.33759331899278755
375||anger|||||['emotion_nrc', 'liwc']|time|||||1215.0|5939.0|0.20457989560532075|0.3396701146211909
376||anger|||||['emotion_nrc', 'liwc']|work|||||623.0|3972.0|0.15684793554884188|0.27116430903155603
377||anger|||||['emotion_nrc', 'liwc']|achieve|||||580.0|3604.0|0.1609322974472808|0.27724665391969405
378||anger|||||['emotion_nrc', 'liwc']|leisure|||||448.0|3231.0|0.13865676261219437|0.24354444142430007
379||anger|||||['emotion_nrc', 'liwc']|home|||||261.0|2575.0|0.10135922330097087|0.1840620592383639
380||anger|||||['emotion_nrc', 'liwc']|money|||||517.0|3414.0|0.15143526654950204|0.263037395064869
381||anger|||||['emotion_nrc', 'liwc']|relig|||||75.0|2049.0|0.036603221083455345|0.07062146892655367
382||anger|||||['emotion_nrc', 'liwc']|death|||||124.0|2056.0|0.06031128404669261|0.11376146788990826
383||anger|||||['emotion_nrc', 'liwc']|assent|||||93.0|1951.0|0.047667862634546386|0.09099804305283757
384||anger|||||['emotion_nrc', 'liwc']|nonfl|||||499.0|3237.0|0.15415508186592525|0.2671306209850107
385||anger|||||['emotion_nrc', 'liwc']|filler|||||14.0|1680.0|0.008333333333333333|0.01652892561983471
386||disgust|||||['emotion_nrc', 'liwc']|negate|||||139.0|2387.0|0.05823209049015501|0.110055423594616
387||disgust|||||['emotion_nrc', 'liwc']|social|||||476.0|6645.0|0.07163280662151994|0.13368908861115011
388||disgust|||||['emotion_nrc', 'liwc']|family|||||83.0|2106.0|0.03941120607787275|0.07583371402466879
389||disgust|||||['emotion_nrc', 'liwc']|friend|||||75.0|1467.0|0.05112474437627812|0.09727626459143969
390||disgust|||||['emotion_nrc', 'liwc']|humans|||||332.0|4713.0|0.07044345427540845|0.13161546085232906
391||disgust|||||['emotion_nrc', 'liwc']|affect|||||461.0|6121.0|0.07531449109622611|0.1400790033424491
392||disgust|||||['emotion_nrc', 'liwc']|posemo|||||268.0|4556.0|0.058823529411764705|0.1111111111111111
393||disgust|||||['emotion_nrc', 'liwc']|negemo|||||398.0|4364.0|0.09120073327222732|0.16715665686686265
394||disgust|||||['emotion_nrc', 'liwc']|anx|||||239.0|1928.0|0.12396265560165975|0.22058144900784496
395||disgust|||||['emotion_nrc', 'liwc']|anger|||||143.0|2287.0|0.06252732837778749|0.1176954732510288
396||disgust|||||['emotion_nrc', 'liwc']|sad|||||123.0|2183.0|0.05634448007329363|0.10667823070251517
397||disgust|||||['emotion_nrc', 'liwc']|cogmech|||||531.0|7293.0|0.07280954339777869|0.1357361963190184
398||disgust|||||['emotion_nrc', 'liwc']|insight|||||363.0|5194.0|0.06988833269156719|0.13064603203167177
399||disgust|||||['emotion_nrc', 'liwc']|cause|||||233.0|3575.0|0.06517482517482517|0.12237394957983193
400||disgust|||||['emotion_nrc', 'liwc']|discrep|||||316.0|4486.0|0.07044137316094516|0.13161182840483132
401||disgust|||||['emotion_nrc', 'liwc']|tentat|||||458.0|6202.0|0.07384714608190907|0.13753753753753756
402||disgust|||||['emotion_nrc', 'liwc']|certain|||||88.0|1571.0|0.056015276893698285|0.10608800482218204
403||disgust|||||['emotion_nrc', 'liwc']|inhib|||||273.0|4070.0|0.06707616707616708|0.12571954869905597
404||disgust|||||['emotion_nrc', 'liwc']|incl|||||486.0|6619.0|0.07342498866898323|0.13680506685432792
405||disgust|||||['emotion_nrc', 'liwc']|excl|||||335.0|4776.0|0.07014237855946398|0.13108980630013695
406||disgust|||||['emotion_nrc', 'liwc']|percept|||||326.0|4510.0|0.07228381374722838|0.1348221670802316
407||disgust|||||['emotion_nrc', 'liwc']|see|||||128.0|1941.0|0.06594538897475528|0.12373127114548092
408||disgust|||||['emotion_nrc', 'liwc']|hear|||||92.0|1937.0|0.047496128033040784|0.09068506653523903
409||disgust|||||['emotion_nrc', 'liwc']|feel|||||183.0|2747.0|0.06661812886785584|0.12491467576791809
410||disgust|||||['emotion_nrc', 'liwc']|bio|||||393.0|4754.0|0.08266722759781236|0.15271031668933358
411||disgust|||||['emotion_nrc', 'liwc']|body|||||219.0|2962.0|0.07393652937204591|0.13769254951273183
412||disgust|||||['emotion_nrc', 'liwc']|health|||||116.0|1693.0|0.06851742468989959|0.12824765063571034
413||disgust|||||['emotion_nrc', 'liwc']|sexual|||||173.0|2209.0|0.07831598008148484|0.14525608732157852
414||disgust|||||['emotion_nrc', 'liwc']|ingest|||||368.0|5204.0|0.07071483474250577|0.1320890165111271
415||disgust|||||['emotion_nrc', 'liwc']|relativ|||||513.0|7123.0|0.07202021620103889|0.13436354112100576
416||disgust|||||['emotion_nrc', 'liwc']|motion|||||398.0|5569.0|0.0714670497396301|0.13340036869448635
417||disgust|||||['emotion_nrc', 'liwc']|space|||||454.0|6389.0|0.07105963374550008|0.1326903404939354
418||disgust|||||['emotion_nrc', 'liwc']|time|||||402.0|5692.0|0.07062543921293044|0.13193304890055793
419||disgust|||||['emotion_nrc', 'liwc']|work|||||205.0|3330.0|0.06156156156156156|0.11598302687411599
420||disgust|||||['emotion_nrc', 'liwc']|achieve|||||178.0|2946.0|0.06042090970807875|0.11395646606914211
421||disgust|||||['emotion_nrc', 'liwc']|leisure|||||176.0|2443.0|0.07204257060990585|0.13440244368079418
422||disgust|||||['emotion_nrc', 'liwc']|home|||||118.0|1658.0|0.07117008443908324|0.13288288288288289
423||disgust|||||['emotion_nrc', 'liwc']|money|||||178.0|2693.0|0.06609728926847382|0.12399860675722743
424||disgust|||||['emotion_nrc', 'liwc']|relig|||||29.0|1035.0|0.028019323671497585|0.05451127819548872
425||disgust|||||['emotion_nrc', 'liwc']|death|||||32.0|1088.0|0.029411764705882353|0.05714285714285715
426||disgust|||||['emotion_nrc', 'liwc']|assent|||||39.0|945.0|0.04126984126984127|0.07926829268292682
427||disgust|||||['emotion_nrc', 'liwc']|nonfl|||||141.0|2535.0|0.05562130177514793|0.10538116591928251
428||disgust|||||['emotion_nrc', 'liwc']|filler|||||24.0|610.0|0.03934426229508197|0.07570977917981074
429||fear|||||['emotion_nrc', 'liwc']|negate|||||235.0|2690.0|0.08736059479553904|0.1606837606837607
430||fear|||||['emotion_nrc', 'liwc']|social|||||833.0|6687.0|0.12457006131299536|0.22154255319148936
431||fear|||||['emotion_nrc', 'liwc']|family|||||191.0|2397.0|0.07968293700458907|0.14760432766615147
432||fear|||||['emotion_nrc', 'liwc']|friend|||||162.0|1779.0|0.09106239460370995|0.16692426584234932
433||fear|||||['emotion_nrc', 'liwc']|humans|||||587.0|4857.0|0.12085649577928763|0.2156502571638501
434||fear|||||['emotion_nrc', 'liwc']|affect|||||787.0|6194.0|0.12705844365515015|0.2254691304970635
435||fear|||||['emotion_nrc', 'liwc']|posemo|||||482.0|4741.0|0.10166631512339169|0.18456825579169062
436||fear|||||['emotion_nrc', 'liwc']|negemo|||||647.0|4514.0|0.14333185644661053|0.2507266033714396
437||fear|||||['emotion_nrc', 'liwc']|anx|||||350.0|2216.0|0.157942238267148|0.2727981293842556
438||fear|||||['emotion_nrc', 'liwc']|anger|||||276.0|2553.0|0.10810810810810811|0.1951219512195122
439||fear|||||['emotion_nrc', 'liwc']|sad|||||250.0|2455.0|0.10183299389002037|0.18484288354898337
440||fear|||||['emotion_nrc', 'liwc']|cogmech|||||926.0|7297.0|0.12690146635603672|0.22522193846528032
441||fear|||||['emotion_nrc', 'liwc']|insight|||||679.0|5277.0|0.12867159370854653|0.22800537273337812
442||fear|||||['emotion_nrc', 'liwc']|cause|||||466.0|3741.0|0.12456562416466185|0.22153553601140957
443||fear|||||['emotion_nrc', 'liwc']|discrep|||||574.0|4627.0|0.12405446293494705|0.22072678331090173
444||fear|||||['emotion_nrc', 'liwc']|tentat|||||818.0|6241.0|0.13106873898413715|0.23176087264485054
445||fear|||||['emotion_nrc', 'liwc']|certain|||||172.0|1886.0|0.0911983032873807|0.16715257531584063
446||fear|||||['emotion_nrc', 'liwc']|inhib|||||552.0|4190.0|0.13174224343675417|0.2328131590046394
447||fear|||||['emotion_nrc', 'liwc']|incl|||||869.0|6635.0|0.1309721175584024|0.2316098081023454
448||fear|||||['emotion_nrc', 'liwc']|excl|||||593.0|4917.0|0.12060199308521456|0.2152450090744102
449||fear|||||['emotion_nrc', 'liwc']|percept|||||617.0|4618.0|0.1336076223473365|0.23572110792741163
450||fear|||||['emotion_nrc', 'liwc']|see|||||221.0|2247.0|0.09835336003560302|0.17909238249594814
451||fear|||||['emotion_nrc', 'liwc']|hear|||||190.0|2238.0|0.08489722966934764|0.15650741350906097
452||fear|||||['emotion_nrc', 'liwc']|feel|||||403.0|2926.0|0.13773069036226931|0.2421147491739261
453||fear|||||['emotion_nrc', 'liwc']|bio|||||640.0|4906.0|0.1304525071341215|0.23079697078975842
454||fear|||||['emotion_nrc', 'liwc']|body|||||392.0|3188.0|0.12296110414052698|0.21899441340782125
455||fear|||||['emotion_nrc', 'liwc']|health|||||238.0|1970.0|0.12081218274111676|0.21557971014492752
456||fear|||||['emotion_nrc', 'liwc']|sexual|||||242.0|2539.0|0.09531311539976368|0.1740381157856886
457||fear|||||['emotion_nrc', 'liwc']|ingest|||||678.0|5293.0|0.12809370867183073|0.22709763858650142
458||fear|||||['emotion_nrc', 'liwc']|relativ|||||908.0|7127.0|0.12740283429212854|0.2260112009956441
459||fear|||||['emotion_nrc', 'liwc']|motion|||||733.0|5633.0|0.13012604296112196|0.23028589381087025
460||fear|||||['emotion_nrc', 'liwc']|space|||||815.0|6427.0|0.1268087754784503|0.22507594587130625
461||fear|||||['emotion_nrc', 'liwc']|time|||||735.0|5758.0|0.12764848905870094|0.22639765901740339
462||fear|||||['emotion_nrc', 'liwc']|work|||||430.0|3504.0|0.12271689497716895|0.21860701576004068
463||fear|||||['emotion_nrc', 'liwc']|achieve|||||343.0|3180.0|0.10786163522012579|0.19472040874254898
464||fear|||||['emotion_nrc', 'liwc']|leisure|||||238.0|2780.0|0.0856115107913669|0.15772034459907225
465||fear|||||['emotion_nrc', 'liwc']|home|||||182.0|1993.0|0.09131961866532864|0.16735632183908045
466||fear|||||['emotion_nrc', 'liwc']|money|||||355.0|2915.0|0.12178387650085763|0.21712538226299694
467||fear|||||['emotion_nrc', 'liwc']|relig|||||65.0|1398.0|0.046494992846924176|0.08885850991114148
468||fear|||||['emotion_nrc', 'liwc']|death|||||145.0|1374.0|0.10553129548762737|0.19091507570770244
469||fear|||||['emotion_nrc', 'liwc']|assent|||||62.0|1321.0|0.046934140802422405|0.08966015907447578
470||fear|||||['emotion_nrc', 'liwc']|nonfl|||||326.0|2749.0|0.11858857766460532|0.21203252032520326
471||fear|||||['emotion_nrc', 'liwc']|filler|||||10.0|1023.0|0.009775171065493646|0.01936108422071636
472||joy|||||['emotion_nrc', 'liwc']|negate|||||502.0|3170.0|0.1583596214511041|0.27342047930283225
473||joy|||||['emotion_nrc', 'liwc']|social|||||1536.0|6731.0|0.22819789035804486|0.3715979194387323
474||joy|||||['emotion_nrc', 'liwc']|family|||||396.0|2939.0|0.13473970738346377|0.23748125937031486
475||joy|||||['emotion_nrc', 'liwc']|friend|||||216.0|2472.0|0.08737864077669903|0.16071428571428573
476||joy|||||['emotion_nrc', 'liwc']|humans|||||1120.0|5071.0|0.22086373496351805|0.3618155386851882
477||joy|||||['emotion_nrc', 'liwc']|affect|||||1485.0|6243.0|0.2378664103796252|0.38431677018633537
478||joy|||||['emotion_nrc', 'liwc']|posemo|||||1359.0|4611.0|0.2947299934938191|0.4552763819095478
479||joy|||||['emotion_nrc', 'liwc']|negemo|||||690.0|5218.0|0.1322345726331928|0.23358158429248477
480||joy|||||['emotion_nrc', 'liwc']|anx|||||186.0|3127.0|0.05948193156379917|0.11228493812254754
481||joy|||||['emotion_nrc', 'liwc']|anger|||||282.0|3294.0|0.08561020036429873|0.15771812080536915
482||joy|||||['emotion_nrc', 'liwc']|sad|||||311.0|3141.0|0.09901305316778096|0.1801853997682503
483||joy|||||['emotion_nrc', 'liwc']|cogmech|||||1647.0|7323.0|0.22490782466202375|0.3672240802675585
484||joy|||||['emotion_nrc', 'liwc']|insight|||||1181.0|5522.0|0.213871785584933|0.352379531553036
485||joy|||||['emotion_nrc', 'liwc']|cause|||||785.0|4169.0|0.18829455504917247|0.31691562373839327
486||joy|||||['emotion_nrc', 'liwc']|discrep|||||1045.0|4903.0|0.21313481541913115|0.3513786146603901
487||joy|||||['emotion_nrc', 'liwc']|tentat|||||1443.0|6363.0|0.2267798208392268|0.3697156033820138
488||joy|||||['emotion_nrc', 'liwc']|certain|||||288.0|2517.0|0.11442193087008343|0.2053475935828877
489||joy|||||['emotion_nrc', 'liwc']|inhib|||||917.0|4572.0|0.2005686789151356|0.33412279103661874
490||joy|||||['emotion_nrc', 'liwc']|incl|||||1502.0|6749.0|0.2225514891094977|0.3640770815658708
491||joy|||||['emotion_nrc', 'liwc']|excl|||||1132.0|5125.0|0.2208780487804878|0.36183474508550423
492||joy|||||['emotion_nrc', 'liwc']|percept|||||1019.0|4963.0|0.20531936328833367|0.34068873286526247
493||joy|||||['emotion_nrc', 'liwc']|see|||||374.0|2841.0|0.13164378739880322|0.2326594090202177
494||joy|||||['emotion_nrc', 'liwc']|hear|||||381.0|2794.0|0.13636363636363635|0.24000000000000002
495||joy|||||['emotion_nrc', 'liwc']|feel|||||519.0|3557.0|0.14590947427607534|0.2546614327772326
496||joy|||||['emotion_nrc', 'liwc']|bio|||||1065.0|5228.0|0.20371078806426932|0.33847131733672337
497||joy|||||['emotion_nrc', 'liwc']|body|||||586.0|3741.0|0.1566426089280941|0.27085740697943145
498||joy|||||['emotion_nrc', 'liwc']|health|||||171.0|2784.0|0.061422413793103446|0.11573604060913706
499||joy|||||['emotion_nrc', 'liwc']|sexual|||||486.0|3042.0|0.15976331360946747|0.2755102040816327
500||joy|||||['emotion_nrc', 'liwc']|ingest|||||1182.0|5536.0|0.2135115606936416|0.35189044358440014
501||joy|||||['emotion_nrc', 'liwc']|relativ|||||1605.0|7177.0|0.22363104361153685|0.36552038260077435
502||joy|||||['emotion_nrc', 'liwc']|motion|||||1207.0|5906.0|0.2043684388757196|0.3393786025586953
503||joy|||||['emotion_nrc', 'liwc']|space|||||1429.0|6560.0|0.21783536585365854|0.3577418951057704
504||joy|||||['emotion_nrc', 'liwc']|time|||||1339.0|5901.0|0.2269106931028639|0.36988950276243093
505||joy|||||['emotion_nrc', 'liwc']|work|||||652.0|4029.0|0.16182675601886323|0.27857295449690234
506||joy|||||['emotion_nrc', 'liwc']|achieve|||||623.0|3647.0|0.1708253358925144|0.29180327868852457
507||joy|||||['emotion_nrc', 'liwc']|leisure|||||537.0|3228.0|0.16635687732342008|0.28525896414342633
508||joy|||||['emotion_nrc', 'liwc']|home|||||264.0|2658.0|0.09932279909706546|0.18069815195071867
509||joy|||||['emotion_nrc', 'liwc']|money|||||549.0|3468.0|0.1583044982698962|0.27333831217326365
510||joy|||||['emotion_nrc', 'liwc']|relig|||||253.0|1957.0|0.12927950945324476|0.22895927601809954
511||joy|||||['emotion_nrc', 'liwc']|death|||||68.0|2198.0|0.030937215650591446|0.06001765225066196
512||joy|||||['emotion_nrc', 'liwc']|assent|||||129.0|2001.0|0.06446776611694154|0.1211267605633803
513||joy|||||['emotion_nrc', 'liwc']|nonfl|||||513.0|3309.0|0.15503173164097914|0.2684458398744113
514||joy|||||['emotion_nrc', 'liwc']|filler|||||16.0|1764.0|0.009070294784580499|0.017977528089887642
515||none|||||['emotion_nrc', 'liwc']|negate|||||0.0|1987.0|0.0|0.0
516||none|||||['emotion_nrc', 'liwc']|social|||||0.0|6582.0|0.0|0.0
517||none|||||['emotion_nrc', 'liwc']|family|||||0.0|1650.0|0.0|0.0
518||none|||||['emotion_nrc', 'liwc']|friend|||||0.0|1003.0|0.0|0.0
519||none|||||['emotion_nrc', 'liwc']|humans|||||0.0|4506.0|0.0|0.0
520||none|||||['emotion_nrc', 'liwc']|affect|||||0.0|6043.0|0.0|0.0
521||none|||||['emotion_nrc', 'liwc']|posemo|||||0.0|4285.0|0.0|0.0
522||none|||||['emotion_nrc', 'liwc']|negemo|||||0.0|4223.0|0.0|0.0
523||none|||||['emotion_nrc', 'liwc']|anx|||||0.0|1628.0|0.0|0.0
524||none|||||['emotion_nrc', 'liwc']|anger|||||0.0|1891.0|0.0|0.0
525||none|||||['emotion_nrc', 'liwc']|sad|||||0.0|1767.0|0.0|0.0
526||none|||||['emotion_nrc', 'liwc']|cogmech|||||0.0|7285.0|0.0|0.0
527||none|||||['emotion_nrc', 'liwc']|insight|||||0.0|5018.0|0.0|0.0
528||none|||||['emotion_nrc', 'liwc']|cause|||||0.0|3269.0|0.0|0.0
529||none|||||['emotion_nrc', 'liwc']|discrep|||||0.0|4263.0|0.0|0.0
530||none|||||['emotion_nrc', 'liwc']|tentat|||||0.0|6121.0|0.0|0.0
531||none|||||['emotion_nrc', 'liwc']|certain|||||0.0|1120.0|0.0|0.0
532||none|||||['emotion_nrc', 'liwc']|inhib|||||0.0|3804.0|0.0|0.0
533||none|||||['emotion_nrc', 'liwc']|incl|||||0.0|6566.0|0.0|0.0
534||none|||||['emotion_nrc', 'liwc']|excl|||||0.0|4572.0|0.0|0.0
535||none|||||['emotion_nrc', 'liwc']|percept|||||0.0|4297.0|0.0|0.0
536||none|||||['emotion_nrc', 'liwc']|see|||||0.0|1530.0|0.0|0.0
537||none|||||['emotion_nrc', 'liwc']|hear|||||0.0|1490.0|0.0|0.0
538||none|||||['emotion_nrc', 'liwc']|feel|||||0.0|2391.0|0.0|0.0
539||none|||||['emotion_nrc', 'liwc']|bio|||||0.0|4608.0|0.0|0.0
540||none|||||['emotion_nrc', 'liwc']|body|||||0.0|2642.0|0.0|0.0
541||none|||||['emotion_nrc', 'liwc']|health|||||0.0|1270.0|0.0|0.0
542||none|||||['emotion_nrc', 'liwc']|sexual|||||0.0|1843.0|0.0|0.0
543||none|||||['emotion_nrc', 'liwc']|ingest|||||0.0|5033.0|0.0|0.0
544||none|||||['emotion_nrc', 'liwc']|relativ|||||0.0|7097.0|0.0|0.0
545||none|||||['emotion_nrc', 'liwc']|motion|||||0.0|5428.0|0.0|0.0
546||none|||||['emotion_nrc', 'liwc']|space|||||0.0|6304.0|0.0|0.0
547||none|||||['emotion_nrc', 'liwc']|time|||||0.0|5555.0|0.0|0.0
548||none|||||['emotion_nrc', 'liwc']|work|||||0.0|2996.0|0.0|0.0
549||none|||||['emotion_nrc', 'liwc']|achieve|||||0.0|2585.0|0.0|0.0
550||none|||||['emotion_nrc', 'liwc']|leisure|||||0.0|2080.0|0.0|0.0
551||none|||||['emotion_nrc', 'liwc']|home|||||0.0|1237.0|0.0|0.0
552||none|||||['emotion_nrc', 'liwc']|money|||||0.0|2332.0|0.0|0.0
553||none|||||['emotion_nrc', 'liwc']|relig|||||0.0|525.0|0.0|0.0
554||none|||||['emotion_nrc', 'liwc']|death|||||0.0|581.0|0.0|0.0
555||none|||||['emotion_nrc', 'liwc']|assent|||||0.0|445.0|0.0|0.0
556||none|||||['emotion_nrc', 'liwc']|nonfl|||||0.0|2137.0|0.0|0.0
557||none|||||['emotion_nrc', 'liwc']|filler|||||0.0|95.0|0.0|0.0
558||sadness|||||['emotion_nrc', 'liwc']|negate|||||244.0|2469.0|0.09882543539894695|0.17987467747880578
559||sadness|||||['emotion_nrc', 'liwc']|social|||||664.0|6644.0|0.09993979530403371|0.18171866447728516
560||sadness|||||['emotion_nrc', 'liwc']|family|||||250.0|2126.0|0.11759172154280338|0.21043771043771045
561||sadness|||||['emotion_nrc', 'liwc']|friend|||||120.0|1609.0|0.07458048477315103|0.13880855986119145
562||sadness|||||['emotion_nrc', 'liwc']|humans|||||491.0|4741.0|0.1035646488082683|0.18769113149847097
563||sadness|||||['emotion_nrc', 'liwc']|affect|||||653.0|6116.0|0.10676913015042512|0.19293839562712364
564||sadness|||||['emotion_nrc', 'liwc']|posemo|||||396.0|4615.0|0.085807150595883|0.15805228497305926
565||sadness|||||['emotion_nrc', 'liwc']|negemo|||||586.0|4363.0|0.13431125372450148|0.2368155182865225
566||sadness|||||['emotion_nrc', 'liwc']|anx|||||246.0|2108.0|0.11669829222011385|0.20900594732370434
567||sadness|||||['emotion_nrc', 'liwc']|anger|||||210.0|2407.0|0.08724553385957623|0.16048910966755825
568||sadness|||||['emotion_nrc', 'liwc']|sad|||||406.0|2087.0|0.19453761379971252|0.3257119935820297
569||sadness|||||['emotion_nrc', 'liwc']|cogmech|||||716.0|7295.0|0.09814941740918437|0.17875421295718386
570||sadness|||||['emotion_nrc', 'liwc']|insight|||||501.0|5243.0|0.09555597940110623|0.17444289693593312
571||sadness|||||['emotion_nrc', 'liwc']|cause|||||347.0|3648.0|0.09512061403508772|0.1737171464330413
572||sadness|||||['emotion_nrc', 'liwc']|discrep|||||463.0|4526.0|0.10229783473265577|0.1856083383443576
573||sadness|||||['emotion_nrc', 'liwc']|tentat|||||621.0|6226.0|0.099743013170575|0.1813933109390974
574||sadness|||||['emotion_nrc', 'liwc']|certain|||||124.0|1722.0|0.07200929152148665|0.13434452871072589
575||sadness|||||['emotion_nrc', 'liwc']|inhib|||||423.0|4107.0|0.10299488677867057|0.18675496688741725
576||sadness|||||['emotion_nrc', 'liwc']|incl|||||663.0|6629.0|0.1000150852315583|0.18184311574328033
577||sadness|||||['emotion_nrc', 'liwc']|excl|||||495.0|4803.0|0.10306058713304185|0.1868629671574179
578||sadness|||||['emotion_nrc', 'liwc']|percept|||||414.0|4609.0|0.08982425688869602|0.16484172805096556
579||sadness|||||['emotion_nrc', 'liwc']|see|||||157.0|2099.0|0.07479752262982373|0.1391843971631206
580||sadness|||||['emotion_nrc', 'liwc']|hear|||||164.0|2052.0|0.07992202729044834|0.148014440433213
581||sadness|||||['emotion_nrc', 'liwc']|feel|||||233.0|2884.0|0.08079056865464633|0.14950272698107153
582||sadness|||||['emotion_nrc', 'liwc']|bio|||||498.0|4836.0|0.10297766749379653|0.18672665916760406
583||sadness|||||['emotion_nrc', 'liwc']|body|||||298.0|3070.0|0.09706840390879479|0.17695961995249407
584||sadness|||||['emotion_nrc', 'liwc']|health|||||203.0|1793.0|0.113218070273285|0.20340681362725452
585||sadness|||||['emotion_nrc', 'liwc']|sexual|||||181.0|2388.0|0.07579564489112228|0.1409108602569093
586||sadness|||||['emotion_nrc', 'liwc']|ingest|||||546.0|5213.0|0.10473815461346633|0.18961625282167044
587||sadness|||||['emotion_nrc', 'liwc']|relativ|||||714.0|7109.0|0.10043606695737797|0.18253866803016744
588||sadness|||||['emotion_nrc', 'liwc']|motion|||||578.0|5576.0|0.10365853658536585|0.18784530386740328
589||sadness|||||['emotion_nrc', 'liwc']|space|||||643.0|6387.0|0.10067324252387662|0.1829302987197724
590||sadness|||||['emotion_nrc', 'liwc']|time|||||592.0|5689.0|0.10406046756899279|0.18850501512498008
591||sadness|||||['emotion_nrc', 'liwc']|work|||||258.0|3464.0|0.07448036951501155|0.138635142396561
592||sadness|||||['emotion_nrc', 'liwc']|achieve|||||292.0|3019.0|0.0967207684663796|0.17638175777710663
593||sadness|||||['emotion_nrc', 'liwc']|leisure|||||219.0|2587.0|0.08465403942790878|0.15609408410548825
594||sadness|||||['emotion_nrc', 'liwc']|home|||||153.0|1810.0|0.08453038674033149|0.15588385124808965
595||sadness|||||['emotion_nrc', 'liwc']|money|||||261.0|2797.0|0.0933142652842331|0.17069980379332897
596||sadness|||||['emotion_nrc', 'liwc']|relig|||||43.0|1208.0|0.03559602649006623|0.06874500399680256
597||sadness|||||['emotion_nrc', 'liwc']|death|||||101.0|1206.0|0.08374792703150911|0.1545524100994644
598||sadness|||||['emotion_nrc', 'liwc']|assent|||||46.0|1125.0|0.04088888888888889|0.07856532877882152
599||sadness|||||['emotion_nrc', 'liwc']|nonfl|||||243.0|2620.0|0.09274809160305343|0.16975200838281523
600||sadness|||||['emotion_nrc', 'liwc']|filler|||||9.0|812.0|0.011083743842364532|0.02192448233861145
